round,speaker,coached_argument,opponent_argument,action,reward
0,coached,"**Argument Summary:**

In the context of blockchain technology, its worthiness depends on its practical applications and scalability. While blockchain offers secure, transparent, and decentralized data storage, its current limitations hinder widespread adoption. The high energy consumption and slow transaction processing times, for instance, make it less viable for mass use cases. However, its potential in niche areas, such as supply chain management and digital identity verification, warrants further exploration. Ultimately, blockchain's value lies in its ability to solve specific problems, and its worthiness is contingent upon its effectiveness in addressing these issues.","**Counter-Argument:**

While my opponent highlights the potential of blockchain in niche areas, I argue that its value goes beyond just solving specific problems. The underlying technology has the potential to disrupt traditional systems and create new opportunities for innovation and growth.

By focusing on its practical applications and scalability, my opponent overlooks the transformative potential of blockchain. The decentralized nature of blockchain can lead to greater autonomy, security, and trust in digital transactions, which can have far-reaching consequences for industries and societies.

Moreover, the high energy consumption and slow transaction processing times are not inherent limitations of blockchain technology. They are rather a result of current implementation and infrastructure. With advancements in technology and the development of more energy-efficient consensus algorithms, these issues can be mitigated.

In fact, many experts predict that the energy consumption of blockchain will decrease significantly in the near future, making it more viable for mass adoption. For instance, the development of proof-of-stake (PoS) consensus algorithms, which require significantly less energy than traditional proof-of-work (PoW) algorithms, is already underway.

In conclusion, while my opponent's argument highlights the potential of blockchain in niche areas, it underestimates the transformative potential of the technology and its potential to create new opportunities for growth and innovation.",5,-1.3999999999999995
1,coached,"Here's a counter-argument and rebuttal:

**Counter-Argument:**

The assumption that blockchain is only worth it for niche applications overlooks the potential for its transformative impact on traditional industries. By arguing that its worthiness is contingent upon solving specific problems, we're limiting its potential to disrupt and innovate beyond its current scope. Moreover, the notion that blockchain is only viable for niche areas ignores the possibility that its scalability and energy efficiency can be improved through technological advancements.

**Rebuttal:**

While it's true that blockchain has the potential to transform traditional industries, this argument relies on an assumption that its current limitations can be easily overcome. The high energy consumption and slow transaction processing times are not trivial issues, and any claims about impending breakthroughs should be met with skepticism. Furthermore, the burden of proof lies with those who claim that blockchain can be scaled up to meet the demands of mass use cases, rather than simply assuming it's possible. Without concrete evidence, we should remain cautious about the hype surrounding blockchain's potential.","**Counter-Counter-Argument:**

The rebuttal raises valid concerns about the challenges facing blockchain, but it overestimates the significance of these limitations. The argument that we should be skeptical of claims about technological advancements overlooks the rapid progress being made in the field. For instance, the development of proof-of-stake consensus algorithms has already shown promise in reducing energy consumption, and significant investments are being made in research and development to improve scalability.

Moreover, the burden of proof should not be placed solely on those who claim that blockchain can be scaled up. The opponents of blockchain have a responsibility to provide concrete evidence that its limitations are insurmountable, rather than simply dismissing its potential as ""hype"". This is especially true given the growing number of successful blockchain implementations in industries such as supply chain management and digital identity verification.

In other words, while the rebuttal is correct to highlight the challenges facing blockchain, it fails to acknowledge the progress being made and the potential for innovation that blockchain offers.",2,-0.40000000000000036
2,coached,"**Argument for Blockchain's Worthiness:**

Blockchain is worth it when it effectively addresses specific problems, such as secure and transparent data storage. Despite its current limitations, including high energy consumption and slow transaction processing times, advancements in technology have shown potential in improving these issues. The success of niche applications like supply chain management and digital identity verification demonstrate the value of blockchain in solving real-world problems. However, its worthiness is contingent upon its ability to scale and maintain efficiency, making it crucial to prioritize research and development in these areas.","**Rebuttal:**

While my opponent highlights the potential of blockchain in solving specific problems, I argue that its worthiness is overstated due to its inability to live up to its promised scalability and efficiency. Despite advancements in technology, blockchain's high energy consumption and slow transaction processing times remain significant hurdles.

Moreover, the success of niche applications like supply chain management and digital identity verification can be attributed to the specific context and constraints of these projects, rather than the inherent value of blockchain. In fact, many of these applications could be achieved through more practical and efficient means, such as traditional databases and identity management systems.

Furthermore, the emphasis on research and development in scaling and efficiency is a Band-Aid solution to the fundamental issues plaguing blockchain. Rather than pouring resources into mitigating the problems of a flawed technology, we should be investing in more innovative and practical solutions that don't rely on an outdated and inefficient architecture.

In conclusion, the worthiness of blockchain is not justified by its potential to address specific problems, but rather by its ability to deliver tangible, scalable, and efficient solutions. Until blockchain can overcome its inherent limitations, it remains a technological dead-end.",0,-0.9999999999999991
